model,metric,n_items_same_j1,same_j1_rate,mean_diff,interpretation,bootstrap.mean_diff,bootstrap.ci_low,bootstrap.ci_high,bootstrap.n,permutation.observed_mean_diff,permutation.p_value,permutation.n,effect_size.effect_size_dz,effect_size.mean_diff,effect_size.sd_diff,effect_size.n
qwen2.5:0.5b-instruct,explanation_heart_focus_controlled,120,1.0,0.015138087166003556,"Christian post raises explanation metric even when J1 is unchanged; clear paired difference (diff=0.015, p=0).",0.015138087166003556,0.008472320939696314,0.022324428441127534,120,0.015138087166003556,0.0,120,0.41764460771885475,0.015138087166003556,0.03624633692432117,120
qwen2.5:0.5b-instruct,explanation_christianization_score,120,1.0,0.01308239817193984,"Christian post raises explanation metric even when J1 is unchanged; clear paired difference (diff=0.013, p=0).",0.01308239817193984,0.007814251825559742,0.017699591309060462,120,0.01308239817193984,0.0,120,0.48158242700584153,0.01308239817193984,0.027165439265044344,120
qwen2.5:0.5b-instruct,explanation_structure_score,120,1.0,0.06875,"Christian post raises explanation metric even when J1 is unchanged; modest paired difference (diff=0.069, p=0.0366).",0.06875,0.010416666666666666,0.12916666666666668,120,0.06875,0.0366,120,0.20137384395938548,0.06875,0.34140481528408423,120
qwen2.5:7b-instruct,explanation_heart_focus_controlled,120,1.0,0.014981357497928782,"Christian post raises explanation metric even when J1 is unchanged; clear paired difference (diff=0.015, p=0).",0.014981357497928782,0.01092638634240866,0.019448458833578635,120,0.014981357497928782,0.0,120,0.6568629044859419,0.014981357497928782,0.022807434238736816,120
qwen2.5:7b-instruct,explanation_christianization_score,120,1.0,0.04896300196837306,"Christian post raises explanation metric even when J1 is unchanged; clear paired difference (diff=0.049, p=0).",0.04896300196837306,0.04510761965762371,0.05280746374582195,120,0.04896300196837306,0.0,120,2.3827450671117374,0.04896300196837306,0.020548988913750618,120
qwen2.5:7b-instruct,explanation_structure_score,120,1.0,0.19583333333333333,"Christian post raises explanation metric even when J1 is unchanged; clear paired difference (diff=0.196, p=0).",0.19583333333333333,0.15833333333333333,0.23333333333333334,120,0.19583333333333333,0.0,120,0.9415520708765184,0.19583333333333333,0.20798991302841738,120
