{
  "benchmark": "moral_stories_supported",
  "summary_table": [
    {
      "model": "Qwen2.5-0.5B-Instruct",
      "condition": "C0",
      "resolved_accuracy": 0.3333333333333333,
      "resolved_n": 18,
      "coverage": 0.34615384615384615,
      "tie_rate": 0.6538461538461539,
      "expected_accuracy": 0.3269230769230769,
      "expected_n": 52,
      "expected_coverage": 1.0,
      "expected_mean_margin": 0.29782988653348114,
      "expected_confident_accuracy": 0.20512820512820512,
      "expected_confident_n": 39,
      "expected_confident_coverage": 0.75,
      "mean_margin": 0.6923076923076923,
      "mean_case_a_score": 2.4615384615384617,
      "mean_case_b_score": 2.3076923076923075
    },
    {
      "model": "Qwen2.5-0.5B-Instruct",
      "condition": "C1",
      "resolved_accuracy": 0.5,
      "resolved_n": 18,
      "coverage": 0.34615384615384615,
      "tie_rate": 0.6538461538461539,
      "expected_accuracy": 0.3269230769230769,
      "expected_n": 52,
      "expected_coverage": 1.0,
      "expected_mean_margin": 0.28909843780386907,
      "expected_confident_accuracy": 0.1891891891891892,
      "expected_confident_n": 37,
      "expected_confident_coverage": 0.7115384615384616,
      "mean_margin": 0.6923076923076923,
      "mean_case_a_score": 2.423076923076923,
      "mean_case_b_score": 2.423076923076923
    },
    {
      "model": "Qwen2.5-0.5B-Instruct",
      "condition": "C2",
      "resolved_accuracy": 0.2,
      "resolved_n": 10,
      "coverage": 0.19230769230769232,
      "tie_rate": 0.8076923076923077,
      "expected_accuracy": 0.28846153846153844,
      "expected_n": 52,
      "expected_coverage": 1.0,
      "expected_mean_margin": 0.36047993703799036,
      "expected_confident_accuracy": 0.20930232558139536,
      "expected_confident_n": 43,
      "expected_confident_coverage": 0.8269230769230769,
      "mean_margin": 0.38461538461538464,
      "mean_case_a_score": 2.730769230769231,
      "mean_case_b_score": 2.730769230769231
    },
    {
      "model": "Qwen2.5-0.5B-Instruct",
      "condition": "C3",
      "resolved_accuracy": 0.25,
      "resolved_n": 20,
      "coverage": 0.38461538461538464,
      "tie_rate": 0.6153846153846154,
      "expected_accuracy": 0.2692307692307692,
      "expected_n": 52,
      "expected_coverage": 1.0,
      "expected_mean_margin": 0.3439480177610396,
      "expected_confident_accuracy": 0.1891891891891892,
      "expected_confident_n": 37,
      "expected_confident_coverage": 0.7115384615384616,
      "mean_margin": 0.7692307692307693,
      "mean_case_a_score": 2.1153846153846154,
      "mean_case_b_score": 2.0384615384615383
    },
    {
      "model": "Qwen2.5-0.5B-Instruct",
      "condition": "C4",
      "resolved_accuracy": 0.38461538461538464,
      "resolved_n": 13,
      "coverage": 0.25,
      "tie_rate": 0.75,
      "expected_accuracy": 0.25,
      "expected_n": 52,
      "expected_coverage": 1.0,
      "expected_mean_margin": 0.3500888784138414,
      "expected_confident_accuracy": 0.17073170731707318,
      "expected_confident_n": 41,
      "expected_confident_coverage": 0.7884615384615384,
      "mean_margin": 0.5,
      "mean_case_a_score": 2.6153846153846154,
      "mean_case_b_score": 2.6538461538461537
    },
    {
      "model": "Qwen2.5-1.5B-Instruct",
      "condition": "C0",
      "resolved_accuracy": 1.0,
      "resolved_n": 1,
      "coverage": 0.019230769230769232,
      "tie_rate": 0.9807692307692307,
      "expected_accuracy": 0.8076923076923077,
      "expected_n": 52,
      "expected_coverage": 1.0,
      "expected_mean_margin": 0.22727833704266232,
      "expected_confident_accuracy": 0.8787878787878788,
      "expected_confident_n": 33,
      "expected_confident_coverage": 0.6346153846153846,
      "mean_margin": 0.038461538461538464,
      "mean_case_a_score": 2.9615384615384617,
      "mean_case_b_score": 3.0
    },
    {
      "model": "Qwen2.5-1.5B-Instruct",
      "condition": "C1",
      "resolved_accuracy": 0.8333333333333334,
      "resolved_n": 6,
      "coverage": 0.11538461538461539,
      "tie_rate": 0.8846153846153846,
      "expected_accuracy": 0.8076923076923077,
      "expected_n": 52,
      "expected_coverage": 1.0,
      "expected_mean_margin": 0.310221664211265,
      "expected_confident_accuracy": 0.8378378378378378,
      "expected_confident_n": 37,
      "expected_confident_coverage": 0.7115384615384616,
      "mean_margin": 0.17307692307692307,
      "mean_case_a_score": 2.9038461538461537,
      "mean_case_b_score": 2.923076923076923
    },
    {
      "model": "Qwen2.5-1.5B-Instruct",
      "condition": "C2",
      "resolved_accuracy": 0.5,
      "resolved_n": 2,
      "coverage": 0.038461538461538464,
      "tie_rate": 0.9615384615384616,
      "expected_accuracy": 0.7884615384615384,
      "expected_n": 52,
      "expected_coverage": 1.0,
      "expected_mean_margin": 0.22199499698875186,
      "expected_confident_accuracy": 0.8333333333333334,
      "expected_confident_n": 36,
      "expected_confident_coverage": 0.6923076923076923,
      "mean_margin": 0.038461538461538464,
      "mean_case_a_score": 3.0384615384615383,
      "mean_case_b_score": 3.0
    },
    {
      "model": "Qwen2.5-1.5B-Instruct",
      "condition": "C3",
      "resolved_accuracy": 0.6666666666666666,
      "resolved_n": 3,
      "coverage": 0.057692307692307696,
      "tie_rate": 0.9423076923076923,
      "expected_accuracy": 0.8076923076923077,
      "expected_n": 52,
      "expected_coverage": 1.0,
      "expected_mean_margin": 0.28099520666224775,
      "expected_confident_accuracy": 0.85,
      "expected_confident_n": 40,
      "expected_confident_coverage": 0.7692307692307693,
      "mean_margin": 0.07692307692307693,
      "mean_case_a_score": 2.980769230769231,
      "mean_case_b_score": 2.980769230769231
    },
    {
      "model": "Qwen2.5-1.5B-Instruct",
      "condition": "C4",
      "resolved_accuracy": 0.75,
      "resolved_n": 4,
      "coverage": 0.07692307692307693,
      "tie_rate": 0.9230769230769231,
      "expected_accuracy": 0.75,
      "expected_n": 52,
      "expected_coverage": 1.0,
      "expected_mean_margin": 0.28822293005829963,
      "expected_confident_accuracy": 0.825,
      "expected_confident_n": 40,
      "expected_confident_coverage": 0.7692307692307693,
      "mean_margin": 0.11538461538461539,
      "mean_case_a_score": 3.0,
      "mean_case_b_score": 2.9615384615384617
    }
  ],
  "paired_analysis": {
    "Qwen2.5-0.5B-Instruct": {
      "C0_vs_C1": {
        "n_items": 13,
        "mcnemar": {
          "statistic": 0.0,
          "p_value": 1.0,
          "b_right_a_wrong": 0,
          "b_wrong_a_right": 0,
          "n": 13
        },
        "bootstrap_diff": {
          "mean_diff": 0.0,
          "ci_low": 0.0,
          "ci_high": 0.0,
          "n": 13
        },
        "gain": 0.0
      },
      "C0_vs_C2": {
        "n_items": 8,
        "mcnemar": {
          "statistic": 0.0,
          "p_value": 1.0,
          "b_right_a_wrong": 0,
          "b_wrong_a_right": 0,
          "n": 8
        },
        "bootstrap_diff": {
          "mean_diff": 0.0,
          "ci_low": 0.0,
          "ci_high": 0.0,
          "n": 8
        },
        "gain": 0.0
      },
      "C2_vs_C4": {
        "n_items": 9,
        "mcnemar": {
          "statistic": 0.0,
          "p_value": 1.0,
          "b_right_a_wrong": 0,
          "b_wrong_a_right": 0,
          "n": 9
        },
        "bootstrap_diff": {
          "mean_diff": 0.0,
          "ci_low": 0.0,
          "ci_high": 0.0,
          "n": 9
        },
        "gain": 0.0
      },
      "C2_vs_C3": {
        "n_items": 7,
        "mcnemar": {
          "statistic": 0.0,
          "p_value": 1.0,
          "b_right_a_wrong": 0,
          "b_wrong_a_right": 0,
          "n": 7
        },
        "bootstrap_diff": {
          "mean_diff": 0.0,
          "ci_low": 0.0,
          "ci_high": 0.0,
          "n": 7
        },
        "gain": 0.0
      }
    },