{
  "benchmark": "heartbench",
  "summary_table": [
    {
      "model": "Qwen2.5-0.5B-Instruct",
      "condition": "C0",
      "resolved_accuracy": 0.5142857142857142,
      "resolved_n": 35,
      "coverage": 0.14583333333333334,
      "tie_rate": 0.8541666666666666,
      "expected_accuracy": 0.3875,
      "expected_n": 240,
      "expected_coverage": 1.0,
      "expected_mean_margin": 0.26058240086349543,
      "expected_confident_accuracy": 0.36813186813186816,
      "expected_confident_n": 182,
      "expected_confident_coverage": 0.7583333333333333,
      "mean_margin": 0.2916666666666667,
      "mean_case_a_score": 2.841666666666667,
      "mean_case_b_score": 2.8333333333333335
    },
    {
      "model": "Qwen2.5-0.5B-Instruct",
      "condition": "C1",
      "resolved_accuracy": 0.6571428571428571,
      "resolved_n": 35,
      "coverage": 0.14583333333333334,
      "tie_rate": 0.8541666666666666,
      "expected_accuracy": 0.42916666666666664,
      "expected_n": 240,
      "expected_coverage": 1.0,
      "expected_mean_margin": 0.24845562339566338,
      "expected_confident_accuracy": 0.4124293785310734,
      "expected_confident_n": 177,
      "expected_confident_coverage": 0.7375,
      "mean_margin": 0.2916666666666667,
      "mean_case_a_score": 2.8333333333333335,
      "mean_case_b_score": 2.825
    },
    {
      "model": "Qwen2.5-0.5B-Instruct",
      "condition": "C2",
      "resolved_accuracy": 0.7058823529411765,
      "resolved_n": 17,
      "coverage": 0.07083333333333333,
      "tie_rate": 0.9291666666666667,
      "expected_accuracy": 0.3625,
      "expected_n": 240,
      "expected_coverage": 1.0,
      "expected_mean_margin": 0.26025325760468454,
      "expected_confident_accuracy": 0.3442622950819672,
      "expected_confident_n": 183,
      "expected_confident_coverage": 0.7625,
      "mean_margin": 0.14166666666666666,
      "mean_case_a_score": 2.925,
      "mean_case_b_score": 2.9166666666666665
    },
    {
      "model": "Qwen2.5-0.5B-Instruct",
      "condition": "C3",
      "resolved_accuracy": 0.5151515151515151,
      "resolved_n": 66,
      "coverage": 0.275,
      "tie_rate": 0.725,
      "expected_accuracy": 0.4083333333333333,
      "expected_n": 240,
      "expected_coverage": 1.0,
      "expected_mean_margin": 0.29005622127879177,
      "expected_confident_accuracy": 0.3709677419354839,
      "expected_confident_n": 186,
      "expected_confident_coverage": 0.775,
      "mean_margin": 0.55,
      "mean_case_a_score": 2.6416666666666666,
      "mean_case_b_score": 2.675
    },
    {
      "model": "Qwen2.5-0.5B-Instruct",
      "condition": "C4",
      "resolved_accuracy": 0.6428571428571429,
      "resolved_n": 28,
      "coverage": 0.11666666666666667,
      "tie_rate": 0.8833333333333333,
      "expected_accuracy": 0.4125,
      "expected_n": 240,
      "expected_coverage": 1.0,
      "expected_mean_margin": 0.26331069136370694,
      "expected_confident_accuracy": 0.4175824175824176,
      "expected_confident_n": 182,
      "expected_confident_coverage": 0.7583333333333333,
      "mean_margin": 0.23333333333333334,
      "mean_case_a_score": 2.875,
      "mean_case_b_score": 2.875
    },
    {
      "model": "Qwen2.5-1.5B-Instruct",
      "condition": "C0",
      "resolved_accuracy": 0.9838709677419355,
      "resolved_n": 62,
      "coverage": 0.25833333333333336,
      "tie_rate": 0.7416666666666667,
      "expected_accuracy": 0.9333333333333333,
      "expected_n": 240,
      "expected_coverage": 1.0,
      "expected_mean_margin": 0.5352488057487184,
      "expected_confident_accuracy": 0.9807692307692307,
      "expected_confident_n": 208,
      "expected_confident_coverage": 0.8666666666666667,
      "mean_margin": 0.4625,
      "mean_case_a_score": 2.7333333333333334,
      "mean_case_b_score": 2.7875
    },
    {
      "model": "Qwen2.5-1.5B-Instruct",
      "condition": "C1",
      "resolved_accuracy": 0.9791666666666666,
      "resolved_n": 96,
      "coverage": 0.4,
      "tie_rate": 0.6,
      "expected_accuracy": 0.9416666666666667,
      "expected_n": 240,
      "expected_coverage": 1.0,
      "expected_mean_margin": 0.7794924466954398,
      "expected_confident_accuracy": 0.968609865470852,
      "expected_confident_n": 223,
      "expected_confident_coverage": 0.9291666666666667,
      "mean_margin": 0.7708333333333334,
      "mean_case_a_score": 2.6083333333333334,
      "mean_case_b_score": 2.5875
    },
    {
      "model": "Qwen2.5-1.5B-Instruct",
      "condition": "C2",
      "resolved_accuracy": 0.9818181818181818,
      "resolved_n": 55,
      "coverage": 0.22916666666666666,
      "tie_rate": 0.7708333333333334,
      "expected_accuracy": 0.9375,
      "expected_n": 240,
      "expected_coverage": 1.0,
      "expected_mean_margin": 0.5474780620664509,
      "expected_confident_accuracy": 0.9723502304147466,
      "expected_confident_n": 217,
      "expected_confident_coverage": 0.9041666666666667,
      "mean_margin": 0.43333333333333335,
      "mean_case_a_score": 2.7958333333333334,
      "mean_case_b_score": 2.7875
    },
    {
      "model": "Qwen2.5-1.5B-Instruct",
      "condition": "C3",
      "resolved_accuracy": 0.9777777777777777,
      "resolved_n": 90,
      "coverage": 0.375,
      "tie_rate": 0.625,
      "expected_accuracy": 0.9375,
      "expected_n": 240,
      "expected_coverage": 1.0,
      "expected_mean_margin": 0.6739478925695949,
      "expected_confident_accuracy": 0.9585253456221198,
      "expected_confident_n": 217,
      "expected_confident_coverage": 0.9041666666666667,
      "mean_margin": 0.6916666666666667,
      "mean_case_a_score": 2.658333333333333,
      "mean_case_b_score": 2.6416666666666666
    },
    {
      "model": "Qwen2.5-1.5B-Instruct",
      "condition": "C4",
      "resolved_accuracy": 0.972972972972973,
      "resolved_n": 111,
      "coverage": 0.4625,
      "tie_rate": 0.5375,
      "expected_accuracy": 0.9416666666666667,
      "expected_n": 240,
      "expected_coverage": 1.0,
      "expected_mean_margin": 0.7455585174532341,
      "expected_confident_accuracy": 0.9817351598173516,
      "expected_confident_n": 219,
      "expected_confident_coverage": 0.9125,
      "mean_margin": 0.8833333333333333,
      "mean_case_a_score": 2.55,
      "mean_case_b_score": 2.558333333333333
    }
  ],
  "paired_analysis": {
    "Qwen2.5-0.5B-Instruct": {
      "C0_vs_C1": {
        "n_items": 27,
        "mcnemar": {
          "statistic": 0.0,
          "p_value": 1.0,
          "b_right_a_wrong": 0,
          "b_wrong_a_right": 0,
          "n": 27
        },
        "bootstrap_diff": {
          "mean_diff": 0.0,
          "ci_low": 0.0,
          "ci_high": 0.0,
          "n": 27
        },
        "gain": 0.0
      },
      "C0_vs_C2": {
        "n_items": 16,
        "mcnemar": {
          "statistic": 0.0,
          "p_value": 1.0,
          "b_right_a_wrong": 0,
          "b_wrong_a_right": 0,
          "n": 16
        },
        "bootstrap_diff": {
          "mean_diff": 0.0,
          "ci_low": 0.0,
          "ci_high": 0.0,
          "n": 16
        },
        "gain": 0.0
      },
      "C2_vs_C4": {
        "n_items": 17,
        "mcnemar": {
          "statistic": 0.0,
          "p_value": 1.0,
          "b_right_a_wrong": 0,
          "b_wrong_a_right": 0,
          "n": 17
        },
        "bootstrap_diff": {
          "mean_diff": 0.0,
          "ci_low": 0.0,
          "ci_high": 0.0,
          "n": 17
        },
        "gain": 0.0
      },
      "C2_vs_C3": {
        "n_items": 13,
        "mcnemar": {
          "statistic": 0.0,
          "p_value": 1.0,
          "b_right_a_wrong": 0,
          "b_wrong_a_right": 0,
          "n": 13
        },
        "bootstrap_diff": {
          "mean_diff": 0.0,
          "ci_low": 0.0,
          "ci_high": 0.0,
          "n": 13
        },
        "gain": 0.0
      }
    },
    "Qwen2.5-1.5B-Instruct": {
      "C0_vs_C1": {
        "n_items": 61,